{
  "properties": {
    "connectionReferences": {
      "shared_sharepointonline": {
        "api": {
          "name": "shared_sharepointonline"
        },
        "connection": {
          "connectionReferenceLogicalName": "cr1a7_agent1.shared_sharepointonline.36a40f2503f04874a03c36a2552d5b2b"
        },
        "runtimeSource": "invoker"
      }
    },
    "definition": {
      "$schema": "https://schema.management.azure.com/providers/Microsoft.Logic/schemas/2016-06-01/workflowdefinition.json#",
      "contentVersion": "1.0.0.0",
      "parameters": {
        "$authentication": {
          "defaultValue": {},
          "type": "SecureObject"
        },
        "$connections": {
          "defaultValue": {},
          "type": "Object"
        }
      },
      "triggers": {
        "manual": {
          "type": "Request",
          "kind": "Skills",
          "inputs": {
            "schema": {
              "type": "object",
              "properties": {
                "text": {
                  "description": "Please enter your input",
                  "title": "SOWTitle",
                  "type": "string",
                  "x-ms-content-hint": "TEXT",
                  "x-ms-dynamically-added": true
                },
                "text_1": {
                  "description": "Please enter your input",
                  "title": "VendorName",
                  "type": "string",
                  "x-ms-content-hint": "TEXT",
                  "x-ms-dynamically-added": true
                },
                "text_3": {
                  "description": "Please enter your input",
                  "title": "ComplianceStatus",
                  "type": "string",
                  "x-ms-content-hint": "TEXT",
                  "x-ms-dynamically-added": true
                },
                "number": {
                  "description": "Please enter a number",
                  "title": "ContractValue",
                  "type": "number",
                  "x-ms-content-hint": "NUMBER",
                  "x-ms-dynamically-added": true
                },
                "text_2": {
                  "description": "Please enter your input",
                  "title": "PastExperience",
                  "type": "string",
                  "x-ms-content-hint": "TEXT",
                  "x-ms-dynamically-added": true
                },
                "number_1": {
                  "description": "Please enter a number",
                  "title": "TotalExperience",
                  "type": "number",
                  "x-ms-content-hint": "NUMBER",
                  "x-ms-dynamically-added": true
                }
              },
              "required": [
                "text",
                "text_1",
                "text_3",
                "number",
                "text_2",
                "number_1"
              ]
            }
          },
          "metadata": {
            "operationMetadataId": "b8f61c18-7224-4f8a-9c5f-72fbce5df764"
          }
        }
      },
      "actions": {
        "Respond_to_the_agent": {
          "type": "Response",
          "kind": "Skills",
          "inputs": {
            "schema": {
              "type": "object",
              "properties": {},
              "additionalProperties": {}
            },
            "statusCode": 200,
            "body": {}
          },
          "runAfter": {
            "Condition_1": [
              "Succeeded"
            ]
          },
          "metadata": {
            "operationMetadataId": "81c94f73-dd52-465c-ad3b-a4686da63cc3"
          }
        },
        "Create_item": {
          "type": "OpenApiConnection",
          "inputs": {
            "parameters": {
              "dataset": "https://hanifirozhotmail.sharepoint.com/sites/ContosoCorp",
              "table": "86bf7341-8628-4add-8b78-e3d2b8b224ef",
              "item/Title": "@triggerBody()?['text']",
              "item/field_1": "@triggerBody()?['text_1']",
              "item/field_2": "@triggerBody()?['number']",
              "item/field_3": "@triggerBody()?['text_3']",
              "item/field_4": "@triggerBody()?['text_2']",
              "item/field_5": "@triggerBody()?['number_1']"
            },
            "host": {
              "apiId": "/providers/Microsoft.PowerApps/apis/shared_sharepointonline",
              "operationId": "PostItem",
              "connectionName": "shared_sharepointonline"
            }
          },
          "runAfter": {}
        },
        "Condition_1": {
          "type": "If",
          "expression": {
            "and": [
              {
                "less": [
                  "@outputs('Create_item')?['body/field_2']",
                  500000
                ]
              }
            ]
          },
          "actions": {
            "Update_item_2": {
              "type": "OpenApiConnection",
              "inputs": {
                "parameters": {
                  "dataset": "https://hanifirozhotmail.sharepoint.com/sites/ContosoCorp",
                  "table": "86bf7341-8628-4add-8b78-e3d2b8b224ef",
                  "id": "@outputs('Create_item')?['body/ID']",
                  "item/field_6": "Rejected"
                },
                "host": {
                  "apiId": "/providers/Microsoft.PowerApps/apis/shared_sharepointonline",
                  "operationId": "PatchItem",
                  "connectionName": "shared_sharepointonline"
                }
              }
            }
          },
          "else": {
            "actions": {
              "Condition": {
                "type": "If",
                "expression": {
                  "and": [
                    {
                      "equals": [
                        "@outputs('Create_item')?['body/field_4']",
                        "Yes"
                      ]
                    },
                    {
                      "greater": [
                        "@outputs('Create_item')?['body/field_5']",
                        2
                      ]
                    }
                  ]
                },
                "actions": {
                  "Update_item": {
                    "type": "OpenApiConnection",
                    "inputs": {
                      "parameters": {
                        "dataset": "https://hanifirozhotmail.sharepoint.com/sites/ContosoCorp",
                        "table": "86bf7341-8628-4add-8b78-e3d2b8b224ef",
                        "id": "@outputs('Create_item')?['body/ID']",
                        "item/field_6": "Approved"
                      },
                      "host": {
                        "apiId": "/providers/Microsoft.PowerApps/apis/shared_sharepointonline",
                        "operationId": "PatchItem",
                        "connectionName": "shared_sharepointonline"
                      }
                    }
                  }
                },
                "else": {
                  "actions": {
                    "Update_item_1": {
                      "type": "OpenApiConnection",
                      "inputs": {
                        "parameters": {
                          "dataset": "https://hanifirozhotmail.sharepoint.com/sites/ContosoCorp",
                          "table": "86bf7341-8628-4add-8b78-e3d2b8b224ef",
                          "id": "@outputs('Create_item')?['body/ID']",
                          "item/field_6": "Pending for Review"
                        },
                        "host": {
                          "apiId": "/providers/Microsoft.PowerApps/apis/shared_sharepointonline",
                          "operationId": "PatchItem",
                          "connectionName": "shared_sharepointonline"
                        }
                      }
                    }
                  }
                }
              }
            }
          },
          "runAfter": {
            "Create_item": [
              "Succeeded"
            ]
          }
        }
      },
      "outputs": {},
      "description": "When an agent calls the flow and send back a response."
    },
    "templateName": null
  },
  "schemaVersion": "1.0.0.0"
}